"Z","X1","X2","Y"
1,-0.586501152938155,1.99281631314724,0.0852093293292944
0,0,2.00312742481208,5.84821217799944
0,0,2.23812804088149,4.78280724750385
1,2.86526115732654,2.39363964587594,9.60773166720223
0,0,1.74324770847693,2.05847968840255
0,0,1.60321988742048,3.05935026909787
0,0,2.00479977969292,2.70160590511839
0,0,1.79962795983086,1.18649075339928
1,0.216159726339014,2.14897669442548,4.81666524473242
1,1.16062325382365,2.40099498522799,7.07505287636131
1,4.05440258852963,2.37750577832008,13.0990113610019
0,0,1.46920900349988,2.05999044623367
0,0,1.70963506461823,0.331831808717887
0,0,1.88889460680631,1.51906789694486
0,0,1.8342477681907,7.886737843564
1,1.89292216854022,2.3035419625245,8.56806289787229
1,-2.58645681964735,1.99611564905701,-1.85453235286698
1,2.00892237803833,2.35319265902731,8.86697537034479
1,3.5656213032239,2.45865806881407,12.5530240235314
0,0,2.2925672902065,11.7500897153185
1,-4.05282975864336,2.09164590158667,-4.76001356282788
0,0,1.92332578829964,1.63883136829782
0,0,1.63259175035656,1.8613848419114
1,-1.03385804235159,2.29137950532265,4.70582960547736
1,-1.03404736213584,2.09794543750741,2.67733278433624
1,-3.80914423622925,2.13754244349088,-1.66244327515108
1,-2.06946131929837,2.04344441398115,-1.21124474176591
0,0,1.83941035170491,3.7170721012067
0,0,1.95359153013707,4.11595203137624
1,1.54340342984121,2.37470221185932,8.75563547416223
1,-3.81426303478401,1.91360807029073,-1.48267494255261
0,0,1.92588166564542,-0.299502805768094
1,0.749286069539125,2.07876339191114,6.46718707152246
0,0,1.54746169820508,-0.729887666149969
1,0.403756153270165,2.29950210522308,7.35534318971642
0,0,1.9155403656193,3.27587743751913
1,-0.976920832843714,2.20256270667068,3.57933212251981
0,0,2.18381717841275,7.80627022836726
1,-1.31646461115224,2.15554296137174,3.17506412388
1,0.409829704482397,2.06221179934147,3.40522999098156
1,2.10011276316701,2.42286291123418,9.72265390129349
0,0,1.71038022100669,2.36024192597209
1,1.10265716033716,2.22804913059342,4.74553639987724
1,-2.10810517493439,2.16510812243718,-1.85271258064895
0,0,1.89837095203016,1.62915450466639
1,-1.62364693367747,2.20293324242413,1.10463617692852
0,0,2.0172044011126,5.28295190538891
1,-1.34066717647362,2.1109723388725,3.1630349578484
1,-0.45433738853057,2.24878366462502,3.00319279103685
0,0,1.56090068505105,1.92737080959974
0,0,1.97567374310012,4.81295277500039
0,0,1.97817082478688,4.62762799998464
1,-0.00426073073195843,2.2177558986896,6.9729080589071
0,0,1.64525363381981,-0.70256249360012
1,-2.0745433664405,2.03308926989615,0.322782806284224
1,1.2472245035213,2.19323684077095,6.70746795261864
0,0,1.72132789586968,2.25403754211221
1,-2.65940806901495,1.8338132120175,-1.42388812950117
1,-1.32022418470642,1.94926382991091,2.31884461005217
1,3.31980184493225,2.34831232024585,10.4204503693159
0,0,2.02615839499373,6.17128501550144
0,0,1.91264992586266,4.18257795947247
0,0,1.98403547734565,4.39621987988006
0,0,0.996328095776148,-1.37268159625931
0,0,2.01733058440498,1.25164262553436
0,0,2.05245450007386,4.79755070229715
1,0.974644374354353,2.22053720991313,6.20054359730291
1,1.77936504922382,2.44136960400209,10.0268169838768
1,1.14957972625044,2.16866864214275,7.16901357644894
1,1.32316981559349,2.20353707665042,7.5952649270461
0,0,2.10448556910888,4.91653619456725
0,0,2.18674577689803,5.77851143468478
1,-2.12208676304257,2.10442460829936,-0.690904213537852
0,0,2.20466001459912,7.77552980525283
0,0,1.94857341502509,4.33481566188595
1,-0.190738252894094,2.02468577965157,3.43692618045769
0,0,1.8456141754538,2.63311825428501
0,0,2.13838065218728,6.47265344261365
1,0.241519226307553,2.23529206935669,6.53366300118116
0,0,2.12539576524854,6.4294242852118
0,0,2.09005775440829,8.54544842866162
0,0,2.00044121607784,4.82422125221311
1,-0.941480880156627,2.06148134843481,3.02174776042045
1,-2.55441273303386,2.17273068328105,-0.592979061218263
0,0,1.8455215319547,3.77177997675131
0,0,2.08355469317036,3.47886835939453
1,-2.41670486511485,2.06625997590667,0.724144033897493
0,0,1.86487337631239,0.382863918952868
0,0,1.78021321902321,1.56484438361604
0,0,2.07146621101088,5.21626879970744
1,-1.37315428775731,2.15107767781315,2.51526773126871
0,0,2.1156259051599,2.48687091788895
0,0,2.02696729147571,2.99687911368526
1,-2.20043872403706,2.11219242557504,-1.28430811967978
0,0,1.94042723680849,5.36182804803849
0,0,1.76957486520824,3.87975474039853
1,-4.17898527879468,1.89861155841461,-2.07397143469562
1,0.253020724670518,2.28189026767286,4.41434578322923
1,-1.77096620221282,1.90006189283153,1.3005748600125
0,0,1.97550745567304,4.73690884162416
0,0,1.75169598147002,5.51284589936247
0,0,2.04420673609258,6.657136631425
1,1.15236004669228,2.0005173851221,5.12199024926758
0,0,1.59703229459954,0.980778300322289
0,0,1.75504863208687,3.24128979904955
1,-3.82225405436702,1.76084029270984,-4.96951933380057
1,-2.14100167135175,2.08071168257989,-0.61424490061932
1,1.35183385603829,2.29890754490002,8.77752737740725
0,0,1.9504404160628,4.46844985348739
0,0,2.03576549718756,7.24954991718271
0,0,1.77970280171618,3.45209073818385
1,0.262372706072549,2.2151208044581,5.81221917942123
1,0.160138174555384,2.40157723291202,6.03276933788223
0,0,1.61401637956688,1.39817423466556
0,0,1.938033008557,1.41788598829529
0,0,2.20355029099484,7.34737884943491
1,1.97017650092051,2.35679438987844,10.0467629497792
0,0,1.64881637190791,1.3252109878972
1,0.0637053222648712,2.29566461453922,3.69263422747729
1,1.30312065860651,2.41197573587241,7.43938224270263
1,2.3180122547612,2.35951001839043,9.48245385905746
0,0,1.95142831825777,3.06246234338202
0,0,1.9177445440237,2.35507105059549
1,-3.55488437700848,1.66620213374062,-3.56011687854073
0,0,1.98635765859321,4.47686394526167
0,0,2.06063645073605,3.90590657063449
0,0,1.86002507560941,2.66814183435246
1,-3.56328190982129,2.00045172996242,-2.56556556076485
0,0,1.84234078529753,4.47466184087152
1,-1.83376948453438,2.12936840349535,0.531126981065766
0,0,1.79227044411139,4.81320166826441
1,-2.308897656085,2.07956502012571,-2.00121080041541
1,-1.69606695475608,2.17674723692521,1.15166624992822
0,0,1.82471047911128,1.63069871143396
0,0,1.86630279790233,4.83342259062756
0,0,1.94219191187597,5.64155689460771
0,0,1.88352623751146,3.28150625962476
1,0.216118823710335,2.26702187961706,5.15514648075923
0,0,2.00219087414795,2.30535135875712
1,-2.96025974080828,2.1484199694333,-0.905790984151779
1,1.37123858849306,2.10175686977862,6.15387816849633
0,0,1.82193910243778,3.76475659501865
0,0,1.92350643131544,2.14963243328875
1,1.29874866096153,2.31435904915419,5.1879816769228
0,0,1.92458630500781,1.83334552317447
1,-3.04567239616073,1.80986604538899,-1.05725735835896
1,-3.12105330683527,2.17809719255196,-2.95822350220435
0,0,1.92151221707406,4.25651594389577
0,0,1.53683031350688,1.77942371526877
1,-2.87478127013051,2.18683597681779,-1.04844268728794
1,-2.57732852206131,1.96753271549319,-2.43663236973674
0,0,2.08301147160201,4.85662427093968
0,0,1.93579648082786,4.82645726861618
1,2.25803744719707,2.28335233140033,9.82435175006101
1,0.833564297842743,2.39872702275676,5.59015227299553
0,0,2.08130627513696,5.45953524917809
0,0,2.24003697652641,11.2925315191921
0,0,2.00322394261071,4.60378046389433
0,0,1.94830342996566,5.64882626117752
1,-1.52669145469496,1.92825292504668,1.93941844432656
1,1.20120248806889,2.37642936119046,7.62645147794217
1,-0.49690945886156,2.22943562766042,2.67761235921987
1,-1.67749198939236,1.8751310279608,-0.591127196160873
1,-1.12555328136969,2.1696452052701,1.33678783257528
1,-1.11198571685581,2.05211964172069,3.40147002884319
1,-0.380085237391567,2.22468504739653,3.86206506005753
1,-0.859009258488721,2.17214070254717,1.68329150091062
1,2.07828056886434,2.27807424274742,9.51344792980567
1,2.58722756730691,2.13479037033876,11.9887503364419
1,2.73712097092969,2.35412787342547,8.80838310004106
0,0,1.72983347998502,1.28525664317371
0,0,2.09844016951009,1.32651756301965
0,0,1.96355492846888,1.06770269944047
0,0,2.06414416409919,2.17093478105621
1,-2.09913831805321,1.98661576512878,-0.869961279298637
1,-0.124902851658845,2.28522289417196,5.34068107639427
0,0,2.13737131713063,6.51441003522689
1,0.258332599581371,2.3877995289831,4.90340392314256
0,0,1.77196726544952,1.5491913376933
0,0,1.92793968518899,3.49185285734829
0,0,2.18168770850465,4.86051649837924
1,-0.874985125414325,2.09018294342945,2.65987446545313
1,3.1446995045797,2.25689600696125,9.1324940395532
1,0.0573975698027404,2.24453531226218,6.50019486063509
0,0,2.00382288528887,6.51558195533285
0,0,2.23695428550239,3.71553059002662
0,0,2.09610469935977,4.90412406448614
1,0.6952810694529,2.32794341361041,5.46926364535922
0,0,1.96193344315548,7.0317650970888
1,-2.9441566229131,2.11899885788901,-1.73080759695282
1,-0.839616937806044,1.99954859157139,1.68017842951649
0,0,1.63711523431948,1.97468025611744
1,-0.658885806474387,2.31723881876309,2.95819972708343
0,0,1.74696735535761,0.693619539532234
1,-0.900585331182438,2.34275613425381,3.43778050781055
0,0,1.83934524292769,1.28742701237559
0,0,2.39065870495752,4.85857330975984
1,-4.36343272173866,1.78088383637555,-5.2697284511842
0,0,2.09599140497301,7.56504735235318
0,0,1.92241617063278,4.57883390658307
1,4.9786872433764,2.49653073539208,15.3475279720663
0,0,1.63469785858969,-0.324803044252551
1,0.10757029316898,2.2878794591986,3.89708732046569
0,0,2.07221690717579,7.80454647011455
0,0,2.09223122669485,4.95273627338786
0,0,1.90545471202454,4.56026621344455
1,-2.58369022015501,2.26178179863624,1.13024891733196
1,-0.537301373806789,2.35610501271616,4.33016505174281
1,2.50638908315136,2.33050912589185,10.3707186097954
0,0,2.17808735637653,3.79646218570092
0,0,2.10576164565139,4.95483808817354
1,-1.23789964752721,2.06299450426347,1.47503737913261
1,1.52470951608804,2.18141264272631,5.78676600988236
1,1.31729228579496,2.36477033986496,8.61650739928726
0,0,2.06680335181875,4.09763446187348
0,0,2.01232281536292,5.28888110235389
1,1.02558917372821,2.30800432163107,5.66701376465056
1,0.906524683745449,2.25649834202095,7.05126363400109
1,-0.201982086577133,2.244082374956,3.95720812594781
0,0,2.20610406952317,5.03948168317718
1,2.65269540313704,2.33084751246183,10.2679315647642
0,0,2.0122014182416,3.21910498713165
1,0.4962339222776,2.01119634274121,6.75999457648414
0,0,1.52790695048049,1.70442082404776
0,0,1.59405667132388,1.30508289288906
1,-1.75920474825916,1.99360266679199,-2.3695515348294
0,0,1.9794939340436,4.14215350746705
0,0,1.75195613463365,2.27541810683083
1,-2.20630542261491,2.18268504727632,-0.220914982586472
0,0,1.97138795969003,3.98009025228282
0,0,2.06642103573739,3.58771455501634
0,0,1.93340327721421,5.69823513902267
1,-4.66769637899039,2.01205211590135,-3.67204841678869
0,0,1.6903999751035,2.83903815813626
1,-0.928110196918707,2.04229875841968,1.96915057550577
0,0,2.03532990733707,2.61387232059284
0,0,1.97348885024201,4.91228565015888
1,1.81543979688546,2.23687448794945,6.10806223928651
0,0,2.04913089950417,6.6927486337271
1,-1.56141161035913,2.11552536368606,1.11488707285189
0,0,2.26710257358899,7.00309886506468
1,-0.806970193746815,2.23809715820825,3.5316752853382
0,0,1.94536422636709,5.73727420528983
0,0,1.90549619430216,5.89085287115029
0,0,2.0871697359933,5.79593537048859
1,-2.11012183484548,2.21143949118522,2.29336792217532
1,-1.01572497924313,2.22384307508768,3.53370920808851
0,0,1.87172191965525,4.06073956251649
0,0,2.12442528683895,7.02349573260165
1,-0.0303445163501637,2.36297745078458,6.07783401836892
1,-1.16591170270408,2.02689142197533,-0.817201777083747
1,1.90657702940137,2.3026815003444,8.46679973091972
0,0,2.17859009101405,3.23405484903359
0,0,1.53535174299292,1.30898473330527
0,0,1.80237120676697,5.89095384026352
1,-3.83935648556496,1.92838494224897,-2.82567194333261
1,-2.17490345242836,2.12122599083583,0.0321587134235962
0,0,2.02153086466536,2.77971794658498
1,-0.753466325710643,2.04337492002659,1.66268556909569
1,2.69283363576945,2.32719395106004,9.02170256953373
0,0,1.86804044273494,6.68921905483132
0,0,1.75332815700704,1.80944287639305
1,3.05197768307338,2.33530163907863,8.94908106663686
1,2.10724796397388,2.45996591546648,7.78235585622853
0,0,2.06906500287954,5.24118924942075
0,0,1.56860556980179,2.86574618444207
0,0,1.9451662499939,5.64303901320837
0,0,2.1272600391688,2.83799768100434
1,-0.360061947488774,2.17851262655976,4.89670452466199
1,2.25427285915927,2.24209913735036,6.67787602196056
0,0,2.09400340188691,4.00528332926592
0,0,1.53247526543411,0.000601621410855152
1,2.68614540032976,2.45736752667603,9.64283988253933
1,0.220359529177656,2.27796490381016,5.08926587377889
0,0,1.87440425192507,7.08826088916409
0,0,1.95701150508619,4.28412402729308
0,0,2.05600062996861,-0.179674165759021
0,0,1.67817220592226,2.48433752761489
1,0.48193520263835,2.28441426805209,5.21090665707389
1,1.33781815821464,2.26521060011095,8.02339193531031
1,2.24096309120017,2.30141755468311,9.82201301178686
1,-0.416024874423526,2.25036634944433,3.42938411737083
1,-1.06946656032114,1.9950308470131,1.02383881938665
1,-0.43775768516121,2.23427920164509,3.03447942597882
0,0,1.86927040415066,1.83707204173106
1,-2.00760169054238,2.04522024714746,1.15101572473403
1,-6.17159440318412,1.81721891800417,-9.00025312920468
0,0,2.07214439102766,2.73176515029931
0,0,2.04879405429345,1.37245450689041
1,-1.11704841079577,2.10291714152478,0.0472555970192328
1,-1.80893993756661,1.87218938969459,0.508224271799575
1,0.668631094501028,2.17807264398058,4.71937651922107
1,0.663540685436072,2.37384194235516,7.58407935516374
1,1.26142100780757,2.40554642658069,6.55168437084562
0,0,1.86348195632699,5.7960174338432
1,-0.2576764934342,1.86890939934469,3.4373058557617
0,0,2.08086565506936,4.35178862562279
0,0,2.12173717271488,4.17225184399439
0,0,2.07301965172228,6.06895255930193
0,0,2.07447568520574,3.4180203308801
0,0,1.86537962715111,4.30784699116063
0,0,2.15483680547795,5.89718412019764
0,0,1.81010910956139,3.23173692260057
1,0.980642157667221,2.42705125941008,5.79422869526579
0,0,0.974229006969749,-4.40415181331979
0,0,1.87900089326043,2.75206448048401
0,0,2.13243503788268,3.78453556913304
0,0,1.82633493508406,2.13144034613346
0,0,2.28568000827192,6.23843997080223
0,0,1.7887156758679,2.98476510631103
0,0,1.80973801590135,1.22628031988823
1,-1.9307152648536,2.23745612466374,0.273916070750129
0,0,1.75196759684899,0.511758601225084
1,-2.39129913922111,2.11948175928563,-0.707823245026837
0,0,2.09952605171645,6.87228619897622
1,2.62175714770775,2.4039840271446,8.30825726978407
1,-1.5819255377439,2.09821584413456,-0.742346616186424
0,0,1.98757570445706,7.07140599877446
1,-0.041695807677134,2.22308972623518,5.69234209948138
1,7.42624638179507,2.51924833957131,18.1132859857809
1,5.18185789319392,2.32272207719737,13.8749382279062
0,0,2.22728990931818,10.4306181691705
1,-1.90766456081389,2.14934034101752,1.38658703701828
1,0.6508512757833,2.03169129159103,3.63150705689004
0,0,1.50957653214052,0.0295980331123558
1,2.3252645337241,2.33013197588825,9.62344262157617
0,0,2.32392050115551,6.43463171047457
0,0,1.82325070242985,0.924302215344414
0,0,1.90241221390235,5.95662339362707
1,-0.383642057972488,1.98093661215809,3.16303897453135
1,-0.0720858104549241,1.9663969244158,4.27493797737399
0,0,1.80459237679159,4.60094440099021
1,-3.51734515291548,1.9347053018997,-5.84798935306694
1,3.93919743744408,2.22520735582973,11.8756631130789
1,-1.02293969667186,2.12285241194186,1.52695765043312
1,-1.51184006239756,1.98273185186272,0.388914514225605
0,0,2.09586513097647,6.29171218331231
1,-1.73213027489707,2.12648793014276,1.82740714478011
1,1.35427281060635,2.19476082367076,5.62253580495069
1,-4.31757755152373,2.09461243648641,-4.15909936293593
0,0,2.03929240314364,5.48658749539716
0,0,2.00670017028808,4.35859189490064
1,-1.45946649004382,2.03840721002823,1.6258911842712
1,0.74816771208608,2.22004508919182,6.33324096642547
0,0,1.46390584022555,1.01687165950611
0,0,2.19095743866238,3.76796511171863
1,2.45960208192487,2.28913400392571,10.2970250837092
1,-3.63309842269517,1.88628197351378,-4.29004067310833
1,1.73415514285795,2.49859670783651,6.75456183698782
1,-0.167439662939742,1.9260602392996,3.61665768190445
1,0.290026306457624,2.15995326733587,2.70530808515831
1,-0.358801311219943,2.20749930448501,4.34372023344122
0,0,2.13438381347989,6.50201447043045
0,0,1.80288180931675,3.36477274144391
1,1.45182130035066,2.32948947713798,6.0841394775161
0,0,1.87780938568956,4.06989240917374
0,0,2.03527269866431,7.00285655370658
0,0,2.02250505106765,3.05769559737371
0,0,2.10068019136192,4.43966085140451
1,-1.27617204258563,2.29777855229357,2.78289410502822
0,0,1.77157817782945,-0.768876916486272
1,4.00602145575506,2.23495208818762,13.6294916278514
1,-0.0133254170527396,2.19643255836583,5.4449433489593
0,0,1.90452384242626,4.50188874559735
0,0,2.29074389183473,6.88547611645598
0,0,1.76099526861532,6.23264187258146
0,0,2.16526464472653,5.83084078253684
0,0,1.71116090658772,2.81025772242162
0,0,1.70887946883597,-1.31840056788768
0,0,2.00388366104536,4.39143338923142
1,2.7624984200322,2.31558449158799,9.08277547430309
1,-2.06070409391779,2.14718992482049,0.636170407921608
1,0.203329842738462,2.21066835412157,6.07702698780139
1,-2.96143212217165,1.9992097104089,-0.814248565493646
1,-0.0449605410536768,2.32264651630889,5.47477501305602
0,0,1.93237722337304,3.9177438901605
1,2.74103440673959,2.41202191893467,10.1196047045007
1,-3.49915181612231,1.93600277482986,-2.48186572166742
1,-0.333717477374673,2.06198797804264,3.9784695797628
1,-3.56721370465387,2.11074555810575,-2.38650451901849
0,0,2.07385268986969,5.99819367950735
0,0,2.20855300996477,9.15779260418584
0,0,1.55483791409697,0.854567162473162
1,0.855463489554463,2.23488432841355,6.6472244386727
0,0,1.83414491481136,2.49537488282274
0,0,1.82281104059259,2.90531342906844
1,0.44757888954865,2.3267504588209,6.24019696881994
0,0,1.61229209320279,1.31873231987914
1,-2.44557579250142,2.21774768781355,0.314949090987999
1,-1.12853306204576,2.08039950602623,2.9173289407043
0,0,2.23942240125957,6.29615083080533
0,0,1.80667138895882,1.79652673307302
1,0.0166312347195663,2.32017894829051,4.46507800508703
1,2.69910405199982,2.41306519047981,10.1136239436508
0,0,1.87527861487794,6.48764734707498
1,-0.522908313174997,2.22604670538135,4.89166052037439
0,0,1.74481518799415,6.15082947158955
1,-3.1539503435136,2.09381115492314,-0.429473907150293
1,-1.10056844026295,2.0646542637543,2.02908496322853
1,-1.66156442733077,2.06258265757612,1.39255481287217
1,-4.13596567867442,2.02539503813942,-4.0108628513255
1,-0.587683550108016,2.1446118411992,2.08699825409673
1,1.55938037030134,2.18266124517209,8.47959293053054
1,2.30068606348355,2.18805652075732,8.54479871225324
1,3.97777473001747,2.25010011504497,11.310084197922
0,0,2.01506034615667,5.76927083511677
1,4.55081200131854,2.52687694380096,13.5755558954925
0,0,1.98750793889775,4.16470142977374
1,-0.577767070901406,2.34861048576535,3.30454282335163
1,1.1884100055413,2.33558248274219,7.33409011326952
1,-1.50735506006052,2.02152870963523,2.92183831691031
1,-0.147130208979241,2.08539296979336,5.5566430893222
0,0,1.82767315724545,2.71676396254398
1,-3.89583132098275,1.96932736432939,-4.41810492498078
0,0,2.06868732027798,5.15065846196916
1,-0.653243860270784,2.18011245447688,4.29913069843867
0,0,1.86593772423615,5.27324359757527
1,-0.869331163410799,2.18901580739889,1.93869167512204
0,0,1.88905418982209,2.4400140187605
0,0,2.10544605478549,3.04523920930596
1,-0.379004982850702,2.11972312174976,4.2785997692922
0,0,2.08528046574948,4.85787712154596
0,0,1.71263348995963,2.87322118506697
1,-3.38039618114671,1.72886835332236,-3.8076459643931
0,0,2.03810675075629,4.10266809651831
0,0,1.73690045165685,5.46568105411549
1,3.44123265007162,2.38621992972819,10.0368037527799
0,0,2.02552212607459,5.21868013504601
0,0,2.00820166624099,5.45510168356568
0,0,1.87724034464206,2.24453638016279
0,0,1.98078630764106,7.02619480857373
1,2.3339473338022,2.22235408545958,9.72156528875941
0,0,1.68139732229686,1.5271291983609
0,0,2.05953448306818,4.17534431085218
0,0,1.86752628115998,3.73737597136279
0,0,2.25664792544376,5.0261583287546
0,0,1.91959284917405,2.50178940392853
0,0,2.01813366322169,4.05196522391427
1,0.399439077314535,2.23215143976676,6.88925551491997
0,0,2.1185439342468,3.80852288127128
1,-2.4888974945674,2.06090479530764,1.00506585669402
0,0,2.01951472137783,5.83695704100403
1,-0.872004117975954,2.12309396426248,4.49851077991844
0,0,1.95085945565504,3.86365883747958
0,0,1.92673337443148,2.37247616141541
1,0.314467774896036,2.15513766799204,5.45254614318819
0,0,1.94775525105819,6.20187609780432
0,0,1.99525181127023,4.7879570834646
1,2.25788511819204,2.30630308831787,11.3392895657907
0,0,1.88640396132278,5.50054364497393
1,-3.63031378243512,2.11340996434488,-3.07827282438419
1,-0.528291522510465,2.26888941345876,2.68114338204292
1,-0.490462467519992,2.03658404814901,3.68966055754819
1,3.13796871280298,2.10231634083076,9.55234994918435
0,0,1.81749605682548,3.96259970463492
0,0,1.82769192758961,0.678132342652884
1,-5.37915066423688,2.16832033085937,-4.6063501197882
1,1.08030293941361,2.10187038495036,5.43371099528101
1,-0.586067684075811,2.25041558843011,3.03247344899646
0,0,1.94027478474252,6.92244237030801
1,-0.800823412255529,1.98734099306657,1.44878985918599
0,0,2.03195381121253,2.36147225155343
0,0,1.98739308059473,1.98381595671439
1,0.445947079601697,2.25497841840048,5.56670250394589
1,-0.205595550496249,2.27144751591333,4.33901177145144
0,0,1.60370569704531,1.48010336705448
1,-1.19067094952562,2.30338193126222,4.54689651024002
1,-0.704559077758264,2.2300477384025,4.38463623299907
0,0,1.86188853429596,0.673111566725059
1,2.47754594050004,2.25248429454771,8.28803380790851
1,1.50569137724766,2.23651655315615,6.17539823178462
1,-1.721074661839,2.17196501304185,3.32873080090604
0,0,1.7714187819243,-1.98231649718782
1,4.89354988307808,2.4262147415641,12.2810888594339
0,0,1.92910162765892,1.87681952908057
1,1.7664287516972,2.24214188073708,8.13173049227604
1,3.02001041883248,2.26303778641508,10.259159766415
1,3.20024530412498,2.22622218937376,11.5561950707425
0,0,2.24205002067211,7.13096720644542
0,0,2.13724197840927,5.14549190019475
1,0.662430064796617,2.30972222526427,6.97879575309051
0,0,1.74000859473059,1.61988580925777
0,0,1.85113191276953,2.29306336183996
1,-2.45681493715484,2.14851432814422,-0.377251841740842
0,0,2.01874934707192,4.66660738598239
0,0,2.13255219761271,6.94137503246082
1,-0.0299168172532667,2.25220482074698,4.72210323339591
1,-2.82359863238867,2.23492978774097,-2.4642414636575
0,0,1.60867140118174,2.35941140578014
1,-0.375085157069283,2.0404798773311,1.66341862645746
0,0,1.96051147506962,4.57416772036172
0,0,1.83544346034812,4.74696822786131
1,-0.0655349177308938,2.14605370954214,5.61534531444874
0,0,1.76324051822617,5.08845069236328
1,-1.26611677523092,2.24249096889372,2.83466478539528
0,0,1.82000335325534,2.39222687990379
0,0,2.10911664725405,5.75452150175786
1,-1.79934232368574,2.05550198116703,-0.40823180728656
1,-0.586319145944628,2.09834832132863,2.96980174498218
1,-2.35887126855735,1.84323382498673,-1.63923882444672
1,1.76433913615844,2.28373622691826,5.3260700044362
0,0,2.32439239915166,7.63618470505927
1,0.339646902578172,2.17543093249873,3.57925608054872
0,0,1.80807885098122,3.78263836606276
1,-1.99962850740194,2.13412153037534,-0.0972418156996271
0,0,1.85531021805237,2.38783743692555
0,0,1.97056005519242,4.51577470161951
1,-2.7096431754922,2.0227378776004,-0.194367879007664
0,0,1.75888856896502,4.22336803146874
0,0,2.06856616420006,7.22141891829287
0,0,1.98126867184982,3.97847650645393
1,-2.86706760979576,2.05832216050256,-1.42267124487097
0,0,1.95196633410839,5.75209973844658
1,2.35278142633619,2.42773125799733,10.3172881497835
0,0,1.94985847557714,4.23814564908791
1,-0.579952886439733,2.13407820875883,4.17552946006679
0,0,1.67039748369718,1.16678442563748
0,0,1.94047529854149,3.70667560679051
0,0,1.61833097574097,2.11707924871039
1,0.519622893435925,2.28107332666603,7.97701158949678
0,0,2.07321329248652,3.45607725712761
0,0,2.08019163672768,4.56105128657062
1,-1.93093124444759,2.13456249594259,1.21436115395586
0,0,2.08059054006898,4.53785481107446
1,2.17557342645189,2.32516612240245,8.6863906614724
0,0,1.69168697982972,3.79206430306156
1,-0.796426634684117,2.05917641456096,3.28434376735312
1,-2.34425383136364,2.10464777524784,-0.552211902670274
1,0.0374038475504909,2.16600352852566,3.90454826252563
1,3.40976716367123,2.24559021467273,9.37693461572205
1,-0.00288106682061029,2.38184342630408,7.19275552849011
1,4.41852219104752,2.27748274125459,12.1987810476912
1,-2.38021509508141,2.22577602269215,-0.0112021334748188
0,0,1.64678215973038,1.8160050287987
0,0,2.09847043411265,7.63217819569804
0,0,1.84794657963237,4.57669303444896
0,0,2.13418667134088,2.79875961423317
1,-0.798899246717516,2.23115014287497,5.23853065809372
0,0,1.72509624071035,2.142184270064
1,1.03393339743716,2.1835881034795,4.29696975763136
0,0,1.87977084636325,2.16889936854328
0,0,1.84055955825025,4.03609358197214
0,0,2.31485202001527,6.37876535394169
1,-2.30428275601746,1.90787274189306,-1.00692379455874
0,0,2.21281238525095,8.10861615480592
0,0,2.24579304684011,5.56007280014244
0,0,2.25750526379931,6.37145088050943
0,0,1.93372232945107,1.87344624806783
1,1.09937131409719,2.13575826400373,4.6845180817627
1,1.091665912488,1.97113444987517,5.55340603534723
1,0.679080646584954,2.33410203708052,6.25850076889875
0,0,2.16951607454675,7.4147525132517
1,-0.39434045203829,2.26111324302356,5.54368152568285
0,0,2.12704171739799,5.00551454245454
0,0,1.85011112646612,3.30182210700165
0,0,2.15926424904755,8.31108620017715
1,1.95667014119981,2.06879947619222,8.12166188084324
1,2.11854671673087,2.48505975045193,9.7135317211245
0,0,1.862554231682,2.88827136352394
1,1.26023601400297,2.06421870292198,5.16189185697647
0,0,1.31048551996733,-0.791854632091109
1,-1.3161132435179,2.25686550790325,3.444248793298
1,-1.66367809556418,2.21234674860286,0.567105059251538
1,1.6633935666149,2.28346485676619,7.34834665815997
0,0,1.94052168214546,4.1802385827553
0,0,1.76505985764716,0.500719281090114
0,0,2.09433150151616,5.02618910090279
0,0,1.9551223906828,5.34608475640015
1,-3.37489801272885,2.09325291060929,-0.635658162600327
0,0,1.70672863273427,1.81659045742568
1,1.35766396815758,2.29908535212185,7.27416159882051
1,2.08460949762861,2.25804613002211,7.86713454010576
1,0.202848080245764,2.22746938470305,6.59628273079621
0,0,2.07219981337805,6.20215434588462
0,0,2.07019991445757,7.48022722331476
0,0,2.14524286072771,6.0416849806504
0,0,1.74017290466082,-0.0264213906335634
1,-2.42494663456007,2.0731969812237,-0.654945959915518
0,0,1.7114271936816,-2.62068014803629
1,3.1901984295512,2.48155980242362,11.1961136850203
1,0.901681974242667,2.28418042392792,5.60067438150056
0,0,2.03441328734989,2.3845228826456
0,0,2.32603259879793,8.9652035780909
1,-4.61181954352237,1.84329347588266,-3.81456579761795
0,0,1.99845088956865,4.6033055453361
1,-0.363803044010843,2.13572789235663,2.79887171477813
0,0,2.19924840116909,8.50291018795997
0,0,1.94660617869068,5.43443139383097
0,0,1.66246051882457,3.26530696822599
1,1.54163390597247,2.27363768249709,7.9480705237667
0,0,1.92021082050504,2.7885468450582
1,1.79591029157165,2.30943842774803,9.21711016483596
1,-0.384716535706841,2.13851138683254,3.46870363832217
1,-2.22757724658425,1.85045105881111,0.210714250856172
0,0,2.24701202296792,8.51524356322652
1,0.248284239744885,2.28811114523436,6.09155960628006
0,0,2.10194520362375,5.04935943143473
1,0.759488381630527,2.20511666957544,7.23728130069059
1,2.14855162899319,2.18863219088989,9.28830734876571
1,-3.48957937141258,2.11369410252891,-3.2513741073508
1,-1.84913174404854,2.14537939475211,1.16518317442296
1,-2.73533839160209,1.96575601874677,0.447607716317467
0,0,1.70386767785031,1.47809450491878
0,0,1.72781615933276,0.83278401544737
1,2.02472122509926,2.37708661282726,7.45878545225264
0,0,2.00481197132578,4.90194592773148
1,-3.06322082911407,2.03084797144812,1.05088570815507
0,0,2.01420226584906,6.21480333658418
1,-0.675893528150613,2.28142649970198,2.06330057008136
0,0,2.09854674071943,3.74675601088003
1,2.03502352900118,2.07220423645572,8.58313241965424
0,0,2.07301918838079,3.27057066743859
1,4.1401878137118,2.4781346487039,12.5236838631699
0,0,2.16961781940877,5.23238635358599
0,0,1.79984695667439,1.82133198892462
1,-2.18992385308891,2.13181728726069,-0.0458133656775661
0,0,1.82486421514637,4.0683566233479
0,0,1.94808292967985,4.23991749051775
1,-1.89586001451968,2.04540254181552,0.101658899040629
1,-1.88233765114664,1.98016516929052,-0.96740815768231
1,-3.23183059891921,1.83238367927351,-2.67363670458969
1,0.239402592778745,2.24915180093136,4.09764513206921
1,0.576407386486356,2.02075186888651,3.93956634680146
1,0.26245665306558,2.2887537169293,5.75963709900293
0,0,1.89619180934405,4.89957219486255
1,2.73605421585127,2.33384245456836,9.78692093359275
0,0,2.03584892393504,6.52156084045228
1,-0.533243409403384,2.17596737199166,2.81186654765386
0,0,1.74861770645186,2.9337813370584
1,0.894680998259421,2.15444629607329,5.89055954441141
0,0,2.11587521871528,6.19506762726068
0,0,2.15984285980449,5.3747875111298
1,-0.31656818957394,2.18146954921844,3.49840661049936
0,0,1.53465749419196,0.534219593133247
0,0,2.02454026092928,6.1927163821025
0,0,1.98207201686973,9.48750996994539
0,0,2.25967780193814,7.09265446494981
0,0,1.70179476118085,2.4336253749382
1,-1.93733767396084,2.15515726256164,1.35710821194894
0,0,2.04135292503647,6.83456284936413
0,0,2.13327351246525,6.15935766086958
1,0.40088237596639,2.39646523177384,5.33411663354635
1,2.56419598406289,2.19993946215831,8.85545867606721
0,0,2.01795431107742,3.07597936699881
0,0,1.88018600250099,0.913758793063682
0,0,1.92602466979401,2.18972105821678
1,0.285457076527773,2.10261657131857,3.092375892866
0,0,2.26101903227655,5.67272662248912
1,6.1330578598516,2.4810969670088,15.546105044699
0,0,1.97054680352315,3.00496929349549
1,0.313178647115159,1.98872906323343,5.94444369154057
0,0,2.32859644942842,5.911943629221
0,0,1.87841343514383,3.32596312692089
0,0,1.78676009249173,5.93983663700033
1,-4.59802123688194,2.01017596965326,-3.06011687741879
1,0.34241629877947,2.13714675986499,5.83650987900902
0,0,1.62944270462898,1.78712748657672
0,0,1.83110739601992,2.36208566161066
1,0.141848264369934,2.18100975059133,5.09769414059096
1,-0.692818349560243,2.0863017313758,4.62882758120146
0,0,1.97320104764397,2.85250620891245
0,0,2.02378002639149,5.52411728392269
1,2.03062313040551,2.14732211237283,6.64618433225164
0,0,1.9634000499465,4.63068580225881
0,0,1.83430533400783,3.97011249420553
1,0.693504496011378,2.26097267267804,6.71509206701618
0,0,1.56161638091342,2.81493657064442
0,0,1.79601185214364,0.341132760740323
1,-3.4432815436058,2.00827950477105,-3.59664244967203
1,-0.0522898086644632,2.38580412962671,5.09063158299026
1,2.37320961864349,2.40164209354246,9.38460303834135
0,0,1.87252858912548,4.09985674899891
0,0,2.11996045370907,4.40448734247625
0,0,1.73822146977436,-0.327987577393505
0,0,2.13438593005377,6.87122828007053
0,0,1.90010624704896,4.29022806259091
0,0,1.9851401010084,4.42925275808786
0,0,2.1218336122911,3.74488324956789
0,0,1.87588554580154,1.90247684841381
1,-1.15148002733334,2.14608544518318,2.61879140006778
0,0,2.09542752031233,5.04576400739882
0,0,1.93900197756705,-0.063868532603037
0,0,2.13123409444096,6.38639334705081
0,0,1.88932697900626,4.99104626280881
1,-0.0159100562549578,2.2696812264032,4.04430654062647
1,-1.69524663705685,2.14999562333592,-0.322253649216962
0,0,1.96033870534601,5.2820500913266
0,0,1.94437427563172,5.98336312383153
0,0,1.58941038336803,0.135781626326305
1,4.43057788854555,2.32005629280329,13.7275343084163
0,0,2.01901696200924,7.8678932804289
0,0,2.31349717325302,9.13512975837345
1,2.45756209096367,2.16689407915996,7.44669061752653
0,0,2.17086990148686,7.09842901241058
0,0,1.8846360291216,2.76429789275554
1,0.0948588021483542,2.10899789793709,4.95781539997409
1,-0.798324766523716,2.07787604086254,2.35325861206366
1,-1.24870824568981,2.276767427712,4.21275809516979
0,0,2.25214884631046,7.29372672794862
1,9.05966871267427e-05,2.03940407495859,4.69271202448911
1,-0.77356320412001,2.03514309062159,3.35483295862102
1,1.48565951635343,2.32910833470853,7.03448351492032
0,0,1.82301709296618,3.46972244978515
1,-1.61243050494057,2.0818309085911,-0.0416936599490105
1,-3.83337913546975,2.08872431074112,-2.47559929791188
0,0,1.8765793716472,5.83129256455858
0,0,1.68712055721274,1.58403562536707
0,0,2.15105987457805,5.9649543373812
1,0.73270537623721,2.09292415371177,5.20208290105783
1,-2.03476256414545,2.05849202559255,1.30179825808397
0,0,1.97916549139507,3.79312246703644
0,0,1.88555203431087,7.60916964934711
1,-0.969628379489881,2.15599266888145,2.6344839300515
0,0,1.62410388309461,-1.9028895759278
0,0,1.97669288052019,4.59700400999796
1,-1.62103181971698,2.3224282435671,1.88109557261921
1,-1.0639051934857,2.27143025386404,0.544052735893661
0,0,2.07736417195671,5.64312079055631
1,4.68911688823492,2.49644638610713,17.1352719366846
0,0,2.05439995183914,5.30033284363018
1,-3.0266689217755,2.15710716479242,-0.0469064587751248
1,1.63247820888149,2.11096355989574,7.8701245272693
1,-2.03338220718357,2.19026821484149,2.88728808636926
1,1.04213731158409,2.35226268230585,6.33583983257957
1,1.27926114478041,2.25397276577959,5.06558505861051
0,0,1.89827331404468,4.44806049371225
0,0,1.85830266319428,5.41274790713254
0,0,1.99457601844655,5.32827862576348
0,0,1.92082957353458,2.82691515739753
1,0.281223953972495,2.17742655922875,3.36950411958569
1,-0.607967735827058,2.08323424611556,2.28355335200964
1,0.131236151524545,2.18093892330139,6.33306110008967
0,0,1.84454293407906,3.55325168377499
0,0,1.72170170997104,2.03359255018127
0,0,1.35520272997103,0.72306419688224
0,0,2.08217622298174,5.35429546968127
1,-0.573479458028113,2.24163257632232,3.78834015716644
1,2.16410618088965,2.30892560882228,8.81389891659382
1,5.29694934827499,2.42554756668726,15.1701482502512
1,-3.6165084479584,1.81630135227588,-3.74818972902443
0,0,1.94606861045932,2.7700209454855
1,-1.70623706273224,1.89764246117467,-0.357838883047102
1,0.158016309219597,2.24362157041152,7.00003475048139
1,-1.27167622894577,2.14291402163263,0.597298258070804
1,-1.60818704998133,2.17959000637647,1.76012112685378
0,0,1.63736433036748,3.51233399516618
1,1.56484641712807,2.25340588859939,7.20071854110232
0,0,2.00277947453868,3.74867811764073
0,0,2.06324324524728,4.04964137067786
1,-0.37852295662041,2.26662606459524,6.0092221208781
1,-0.309671304892496,2.33621438801595,4.86746483134575
1,2.14461310316129,2.35105289694305,9.80103079124415
1,-1.71771718755797,2.05871164191591,0.451450576794146
0,0,1.95256143455127,1.69484700913202
0,0,1.35885636268445,3.99495406900635
1,0.445797171321617,2.2101678847329,6.88634742209295
1,0.631672922954838,2.19641295030543,5.24608023646522
1,0.0363255829002817,2.13171576298934,3.11593956587412
1,2.85179143109706,2.46241535748641,11.0909106155971
1,0.0335943203641458,2.21227959598549,5.65125878429372
0,0,2.10542614004374,5.03158052199269
0,0,2.22140138782397,7.42062765688664
0,0,1.97343774259721,4.56323739894802
0,0,2.0923078116833,1.38314898902465
0,0,1.48337302773629,2.96753011514705
1,-2.02079978128845,2.01749398134737,0.624085560761722
1,0.167600480031701,2.27548208344422,4.45436792959867
1,0.950031009104112,1.96752444499365,6.28888631013196
1,-1.46422838069618,2.19912388808566,0.418799481518768
0,0,1.83543191437436,3.75942340929465
1,0.178970643168334,2.1884077045839,4.09849508920746
1,4.53383161095928,2.37555259168755,12.7499975218515
0,0,2.22244846177576,5.85788344470674
1,0.340271745162702,2.15808309121185,4.1242213717761
1,0.788354808113807,2.17073443411503,3.91962734420813
1,1.88535667142913,2.32222616394422,7.12865350216349
0,0,2.21749561737349,4.47678255031954
0,0,1.86359722687677,1.62948265505808
0,0,1.8829701946513,1.56436483398898
0,0,2.24356293333637,8.61794737089541
0,0,1.88380407146576,6.40088863570222
1,3.50463456364923,2.36631424206399,11.4597609846739
0,0,1.94005490309784,3.74474163087565
1,-0.15362164450977,2.04217151420601,3.70737737978222
1,-1.33543803967286,1.8964859194955,1.6963201650746
0,0,2.19718818263408,7.87810497589624
0,0,1.95548627143853,8.0399807441536
1,-1.42731603955371,2.11916642771191,-0.207006322272551
0,0,2.06799393325524,4.56549382246705
1,3.14520993983025,2.44510205024621,11.8298614310625
0,0,1.770492143598,-1.02283423771755
1,1.74071085248314,2.34667835155704,7.9169331733704
1,2.00350066644537,2.33153977407509,8.10129414803379
0,0,1.76417629039905,2.66074779345439
0,0,1.69645535053235,4.27818961050715
1,1.58789151033744,2.08292998553119,6.10010769699718
1,-1.19057194868596,1.91787111114591,1.5347397226285
0,0,2.08188942512472,5.18137996476943
0,0,1.84613625339814,7.13304003027015
1,-0.98724734340367,1.9412568207198,-0.169735831098966
1,-0.215181878794805,2.16549889045792,4.38718961657281
0,0,1.61211589938878,3.45373940780356
0,0,1.72181612430113,3.42928979558015
1,-2.05563898124227,2.15085161543755,-0.302241788136531
1,-0.406778429982441,2.11685466320725,3.31372796872942
0,0,1.98599102817233,3.90903331002869
0,0,2.0969241051296,5.57934417898338
0,0,1.68345104008131,4.39721926433051
1,0.957610892663962,2.24903640747392,6.85422519551587
1,4.56788556693932,2.29245749738884,12.9473287725013
1,-0.400237893069729,2.17396163062896,3.94788369510257
0,0,1.81734247173648,2.69977831706218
1,1.4586262362025,2.38123441032214,10.1715509884903
1,-1.59594449289031,1.97930703801728,-0.179320396768935
0,0,2.07549484553191,5.01687749623097
0,0,1.75147461953887,0.484249500825467
0,0,2.07149778493874,6.74373307544179
0,0,1.49299262153061,-3.69676670012155
1,0.17440697643025,2.27903057435092,6.43044692565844
1,-2.48080846525167,1.90192652151345,-1.26155860485428
0,0,1.87225865698287,3.51200163246538
0,0,1.90047557968678,1.38116542168937
0,0,1.91751602363355,5.42146967428044
0,0,2.16846335609142,4.38884226226377
0,0,2.16954735878037,5.07078735414438
1,3.54630982268053,2.31501349567509,11.2230027189441
0,0,1.85315152633397,1.12292473331074
1,0.204490725640555,2.17638297661833,4.32145998223773
0,0,1.78840388606313,2.27491698667919
1,1.44180585857212,2.18286533226706,7.1806164732203
0,0,2.20775383621703,8.54067137515652
0,0,1.83206466957939,4.16728047390117
0,0,2.0408788191972,2.91809792231708
0,0,2.08607055280038,5.84330810999244
0,0,2.12926827134008,7.24984021870882
1,2.33266877805098,2.35005487717338,10.3561543453172
1,5.60502868264913,2.23858692100007,15.8578188018629
1,-2.04793263435048,1.90014825514631,-0.463701005607226
0,0,1.58830885540787,-0.185629854059871
0,0,2.19693135256213,7.32215720530929
0,0,1.71968005363324,0.490235285639511
1,-1.64551340061616,2.17423395062213,-0.305585136721388
1,-0.840813616924142,2.15260536579739,1.89680844291809
1,2.63672672284256,2.32933146750543,8.80334413740921
1,1.94405202158206,2.2928093457621,9.49271375866913
0,0,1.76735670551911,0.963708406493725
1,-1.27681161260963,2.33709849639209,2.42974837429226
0,0,1.84522519043143,0.97776907739276
0,0,2.07534560637042,6.6491240276724
1,1.17326317355289,2.30742019481508,4.96722578005013
1,-0.0783629700621239,2.14465164764516,5.42422873545425
0,0,2.00555991620625,1.72169134410813
0,0,2.12789798204991,9.0349634937702
0,0,1.85654659712974,5.86531489297606
1,-0.355676313812868,2.17606522112398,3.622343708398
1,-0.365937949836406,2.15256787943251,4.49205688170214
0,0,1.86447271393776,1.94725633137299
1,0.774134723819395,2.14940746656017,4.06295165619137
1,-1.13057224749376,2.11054940031607,1.33308452868019
1,0.700702301802496,2.12555996537491,5.44740567283188
0,0,1.87404567143643,-0.0603694456491732
1,1.56195024923591,2.18798272764805,7.38881591087601
1,-1.27515607024655,2.03291373773196,-1.21613300376283
0,0,1.75416904526098,1.39654466447696
1,0.827143790478455,2.18899916535553,7.45971615433001
1,0.378015720568275,2.01950449352096,3.85798494476466
0,0,1.93552229594388,8.58559138370243
0,0,1.77711015752489,1.96771014557072
1,0.525400982231224,2.29674260613884,5.25272513291467
1,2.2596531628594,2.41461808240064,10.2084137904515
0,0,2.09588027117373,3.97264130717621
0,0,1.8323749337461,4.32371265275376
1,0.810941059206703,2.14846993088538,4.47401388790937
0,0,2.00885497599262,4.91579820550742
0,0,2.04366985363699,1.42111026950492
0,0,1.79052426007983,-0.0763446792700901
0,0,1.87791345034625,1.7206304427663
1,0.10359553138854,2.22908786765793,6.46046596767244
0,0,2.07498556570658,3.68217222944336
1,2.89395179528729,2.44686182685192,10.2810107070495
1,0.621788644298652,2.17645725318216,5.13018037107805
0,0,1.66028268765464,3.57478421194302
0,0,2.1325556162492,3.21354645959323
1,0.783142255711577,2.0581456885949,6.15639178739887
1,-0.433780300733413,2.0845759941705,4.74418144694219
1,-1.19362774452097,2.30960776253939,0.934480870612246
1,2.83885768581879,2.12902936329211,10.3056861980818
0,0,1.79602281397472,2.46020763632793
1,0.819587371546946,2.21699685843212,5.17599324235244
1,-0.55345356534426,2.24679369777115,3.73600393726495
1,-0.595862956948672,2.34202738888338,2.18753690455472
1,-1.62225925718583,2.11288552375194,0.502049784931184
0,0,1.87901527747167,2.57267985433819
1,-2.71012845392853,2.09003377290642,-0.521500512970377
1,-2.69679761996845,2.11152109068844,1.51027315833354
0,0,1.77442750504989,0.0355918519518172
0,0,1.85192868933627,1.51415768198508
1,1.06275372054419,2.37340952353787,6.78348069664538
0,0,1.98404636496718,6.87442565907998
1,-1.4885203329439,2.16493057946645,2.34580360105935
0,0,1.79388945039191,3.8929764834606
0,0,2.07350099848725,4.62440259399909
1,1.3119477660596,2.2394599497803,7.07963064210717
1,-1.05934145419814,2.22488286870417,2.33313274057716
0,0,1.97005196152081,-0.0828078555890404
0,0,2.02030783387484,5.38343644741655
1,0.368027050055777,2.3424439300684,5.49112636338275
1,0.708496398044058,2.263894088935,6.1035370744324
1,1.36912305844284,2.11986732523993,7.75307433657481
1,-0.922789270430335,2.11200566588723,4.24660825106381
0,0,1.94316655476659,1.78586669307165
0,0,2.20847627375414,6.03572678310942
1,-1.57730956054251,2.2773261186381,2.66371898010739
0,0,1.82797943915101,1.60383686756147
1,0.589584906054503,2.30476782914562,5.31413949049477
0,0,2.29118692797596,8.65191115983999
0,0,1.99134259654882,6.46079023925159
1,3.31362523850882,2.32084382680405,9.98161945218868
1,-1.71566169794876,2.12035992817785,0.0590978813414282
1,4.52419504981545,2.26645627579266,13.9746005860519
1,1.08477144526558,2.30391863044246,7.31871425676534
0,0,1.62686903288203,1.11040068865076
0,0,2.02131316345815,4.22415661924753
1,-0.649506687001477,2.17518735987322,5.29937757425085
0,0,1.70231907624244,1.11461610826712
1,-0.0530899748872077,2.22006532896652,2.75258513028367
1,2.06668047070844,2.26393326204783,9.0151305814814
1,-2.46703625751691,1.81505265049133,-3.98303689207655
0,0,1.79858651115326,3.90365430581773
1,-2.06657338440549,2.17575395254422,2.44565695575262
0,0,2.10730177189871,7.34734697449384
1,-3.42887846953062,1.81382494177142,-2.89290727998573
0,0,1.98327015980601,4.47008765061968
1,-3.08886674150824,2.06064900047717,-2.5324484841057
0,0,1.87486610836453,4.77067991879156
1,-2.6247329013847,1.83055342837977,-1.71158227120647
1,1.7080385624059,2.1769017303739,7.19893398767183
0,0,1.81690224368012,1.23368556904572
1,0.677409437936573,2.31014397251928,7.04201970008137
0,0,1.89237051587809,4.50110466539029
1,0.850798306941665,2.22978967414134,6.50897735963667
0,0,2.03343108250364,3.15165250929129
0,0,2.06335190949013,4.44684566054629
0,0,1.71753957555526,1.90691464200039
0,0,2.17805922940823,6.80815441309409
1,-0.546632908786571,2.19845273909934,5.10893071744934
1,-1.63009443043714,2.02712289420755,1.59302885923559
0,0,1.87437181897692,3.123214082597
0,0,2.28353894303018,8.0330338679413
0,0,1.94410506283993,3.17289962046131
1,1.67590136981106,2.01560345721299,5.61667465313622
1,3.42474936697075,2.43346709733657,12.0501322467296
0,0,2.05920500679436,3.7085876412366
0,0,2.16563364483673,6.19987107270575
0,0,2.03143746123812,6.58055800933249
0,0,1.38375121046743,-0.129478460440578
1,0.801927218937538,2.18930926230267,6.62058350391735
0,0,2.21607591882208,3.84813020739815
1,-0.536742768085493,2.15741586923095,3.16991353339919
0,0,1.7991051305222,3.294030691576
1,1.68067172507612,2.23046100891666,8.52707034021054
1,-4.57239926348896,1.92924335953526,-4.50354324868698
0,0,2.22531595411034,6.24656031365408
0,0,1.95866220005846,2.30793877508109
0,0,2.02385699900132,7.37064995406596
0,0,2.06544092105505,3.43754899185239
0,0,2.19043038560075,6.74000489236161
1,2.19569962085168,2.24632532186166,9.6361987257371
1,-3.16928918626739,2.00619697777334,-1.05655485038431
1,4.38854588822775,2.38677958319706,13.6281574774045
0,0,1.71238447230274,0.048882857292657
0,0,1.95077653410385,4.90906447848472
0,0,2.26311137960485,6.69368022307059
0,0,1.92166499761491,3.54563906819756
0,0,1.75869300328405,1.5444535686632
1,4.08765499589538,2.4495025028063,11.2606791177886
0,0,1.93195302880638,4.68590963274824
1,1.36559534984852,2.37334998044852,8.48367821977801
0,0,2.34875100520689,4.53030879932472
1,1.14592419859843,2.28201363333647,6.25904586889743
1,-1.37194823177008,1.89972465258882,1.6615859801518
0,0,2.24808452361265,7.69834106537976
0,0,2.10217063823693,6.24408040358787
0,0,2.05953737696116,7.22316750250368
0,0,1.80838641532749,4.1057586959031
0,0,1.61572149683424,2.02302372817413
1,-1.53891914414391,2.07573231032638,0.00999942185247349
1,-1.51996026829379,2.03530323221416,0.544202597169507
1,-1.72955358520653,2.30014847421854,1.06387163707602
0,0,2.20962156417728,7.36123276669783
0,0,1.46828618615176,0.71645158290512
0,0,1.59558336493682,-1.2179000213932
1,4.0615510950991,2.49240037716885,11.2371017807695
1,-2.07065381736867,1.88251560205372,0.067428933370967
1,0.935077885036533,2.10222235740738,4.81931594245327
0,0,2.17554804905727,4.88605781038354
0,0,2.27692042121224,6.47153257222575
0,0,1.75718773369303,1.24098114304255
1,2.63893370488681,2.32067403279629,10.0166227477857
0,0,1.89149249060492,3.32405006955447
